<?xml version="1.0" encoding="utf-8"?>
<feed xmlns="http://www.w3.org/2005/Atom">

 <title>CATRIN</title>
 <link href="http://localhost:4000/CATRIN/atom.xml" rel="self"/>
 <link href="http://localhost:4000/CATRIN/"/>
 <updated>2021-10-04T15:04:03+02:00</updated>
 <id>http://localhost:4000</id>
 <author>
   <name>Catrin</name>
   <email>info@catrin.nl</email>
 </author>

 
 <entry>
   <title>What are our plans with CATRIN?</title>
   <link href="http://localhost:4000/2021/10/01/Summary/"/>
   <updated>2021-10-01T00:00:00+02:00</updated>
   <id>http://localhost:4000/CATRIN/2021/10/01/Summary</id>
   <content type="html">&lt;p&gt;The goal of CATRIN is to startup the Responsible Internet, a novel security-by-design concept and extension to the Internet that enables higher levels of trust and sovereignty. The Responsible Internet fundamentally changes the way digital societies communicate because it turns the Internet infrastructure from a black box into a “glass box”, allowing users (e.g., providers of critical services and individuals) to inspect and verify how network operators organise their infrastructure, how they change it, and how they handle data flows (transparency and accountability of infrastructure, operation, and communication). Based on these details, users can instruct the Responsible Internet what properties networks need to have to transport their data (controllability), for instance in terms of security or jurisdiction.&lt;/p&gt;

&lt;p&gt;The Responsible Internet enhances the range of actions that users can choose from to share information securely and confidentially. This helps societies protect their public values of trust and security, strengthen their own digital distinctiveness (e.g., in the Netherlands and Europe), and move more services onto the global shared Internet (e.g., critical service providers). The Responsible Internet thus addresses the problem of Digital Sovereignty, which is particularly important today with growing unfriendly competition and tensions between nations.&lt;/p&gt;

&lt;p&gt;CATRIN integrates technology, economics, and policy research to deliver a first operational multi-operator Responsible Internet based on the prototype technology developed in CATRIN and an initial ecosystem of players around it (e.g., users and network operators), based on the incentive mechanisms, business models, and use cases that CATRIN develops and evaluates.&lt;/p&gt;
</content>
 </entry>
 

</feed>
